COD. CLIENTE;FORNECEDOR;DATA;CÓDIGO SAP;NUM. COLETA;NUM. SÉRIE;STATUS
31168;;;0;833341;833341;NÃO EXPORTADO
29372;;;0;167600;167600;NÃO EXPORTADO
29373;;;0;130948;130948;NÃO EXPORTADO
29374;;;0;34678;34678;NÃO EXPORTADO
29375;;;0;252983;252983;NÃO EXPORTADO
30842;;;0;114623;114623;NÃO EXPORTADO
30854;;;0;1176161;1176161;NÃO EXPORTADO
30862;;;0;Ka1472a354h;Ka1472a;NÃO EXPORTADO
30869;;;0;122607;122607;NÃO EXPORTADO
30873;;;0;781172;781172;NÃO EXPORTADO
30898;;;0;Ka1210a037a;Ka1210a;NÃO EXPORTADO
30920;;;0;1352957;1352957;NÃO EXPORTADO
30932;;;0;1326210;1326210;NÃO EXPORTADO
30936;;;0;117586;117586;NÃO EXPORTADO
31166;;;0;92;92;NÃO EXPORTADO
31167;;;0;924008;924008;NÃO EXPORTADO
29365;;;0;Ka207a242;Ka207a2;NÃO EXPORTADO
29351;;;0;134930;134930;NÃO EXPORTADO
29318;;;0;1380523;1380523;NÃO EXPORTADO
29097;;;0;404124;404124;NÃO EXPORTADO
29098;;;0;1124931;1124931;NÃO EXPORTADO
29099;;;0;265552;265552;NÃO EXPORTADO
29111;;;0;65754;65754;NÃO EXPORTADO
29285;;;0;852612;852612;NÃO EXPORTADO
29308;;;0;907851;907851;NÃO EXPORTADO
29309;;;0;1244994;1244994;NÃO EXPORTADO
29310;;;0;1117608;1117608;NÃO EXPORTADO
29311;;;0;1228972;1228972;NÃO EXPORTADO
29312;;;0;166765;166765;NÃO EXPORTADO
29313;;;0;400413;400413;NÃO EXPORTADO
29314;;;0;75766;75766;NÃO EXPORTADO
29315;;;0;75352;75352;NÃO EXPORTADO
29316;;;0;75452;75452;NÃO EXPORTADO
29317;;;0;1905;1905;NÃO EXPORTADO
31169;;;0;784875;784875;NÃO EXPORTADO
33013;;;0;Ka946a007h;Ka946a0;NÃO EXPORTADO
32452;;;0;689367;689367;NÃO EXPORTADO
32454;;;0;1052737;1052737;NÃO EXPORTADO
32459;;;0;1175015;1175015;NÃO EXPORTADO
32463;;;0;181638;181638;NÃO EXPORTADO
32468;;;0;788611;788611;NÃO EXPORTADO
32478;;;0;9614803;9614803;NÃO EXPORTADO
32479;;;0;859531;859531;NÃO EXPORTADO
32480;;;0;743015;743015;NÃO EXPORTADO
32481;;;0;265768;265768;NÃO EXPORTADO
32482;;;0;1225742;1225742;NÃO EXPORTADO
32483;;;0;1136478;1136478;NÃO EXPORTADO
32485;;;0;859287;859287;NÃO EXPORTADO
32487;;;0;856517;856517;NÃO EXPORTADO
32489;;;0;1225813;1225813;NÃO EXPORTADO
33011;;;0;343743;343743;NÃO EXPORTADO
33012;;;0;Ka;Ka;NÃO EXPORTADO
32451;;;0;109953;109953;NÃO EXPORTADO
32450;;;0;690229;690229;NÃO EXPORTADO
31170;;;0;402051;402051;NÃO EXPORTADO
31171;;;0;502240;502240;NÃO EXPORTADO
31172;;;0;266655;266655;NÃO EXPORTADO
31173;;;0;2011114;2011114;NÃO EXPORTADO
31174;;;0;997875;997875;NÃO EXPORTADO
31175;;;0;790542181;7905421;NÃO EXPORTADO
31176;;;0;680382;680382;NÃO EXPORTADO
31177;;;0;770433545;7704335;NÃO EXPORTADO
32422;;;0;1262926;1262926;NÃO EXPORTADO
32449;;;0;1349284;1349284;NÃO EXPORTADO
32444;;;0;932897;932897;NÃO EXPORTADO
32441;;;0;114201;114201;NÃO EXPORTADO
32439;;;0;328514;328514;NÃO EXPORTADO
32436;;;0;751736;751736;NÃO EXPORTADO
32426;;;0;Np0301912;Np03019;NÃO EXPORTADO
32425;;;0;31559;31559;NÃO EXPORTADO
27038;3C;;999958;3609803;3609803;NÃO EXPORTADO
27039;3C;;999958;3158975;3158975;NÃO EXPORTADO
27040;3C;;999958;2271273;2271273;NÃO EXPORTADO
27041;3C;;999958;3858321;3858321;NÃO EXPORTADO
27042;3C;;999958;48331147;4833114;NÃO EXPORTADO
27043;3C;;999958;19100124;1910012;NÃO EXPORTADO
27044;3C;;999958;48836893;4883689;NÃO EXPORTADO
27046;3C;;999958;5825491;5825491;NÃO EXPORTADO
27047;3C;;999958;47655313;4765531;NÃO EXPORTADO
27048;3C;;999958;3226858;3226858;NÃO EXPORTADO
27049;3C;;999958;17951;17951;NÃO EXPORTADO
27037;3C;;999958;17254523;1725452;NÃO EXPORTADO
27036;3C;;999958;4612583;4612583;NÃO EXPORTADO
27035;3C;;999958;4644975;4644975;NÃO EXPORTADO
27025;3C;;999959;67305997;6730599;NÃO EXPORTADO
27026;3C;;999959;74839284;7483928;NÃO EXPORTADO
27027;3C;;999959;9632399;9632399;NÃO EXPORTADO
27028;3C;;999959;63338157;6333815;NÃO EXPORTADO
27029;3C;;999959;6110485;6110485;NÃO EXPORTADO
27030;3C;;999959;9735147;9735147;NÃO EXPORTADO
27031;3C;;999958;19101511;1910151;NÃO EXPORTADO
27032;3C;;999958;3410073;3410073;NÃO EXPORTADO
27033;3C;;999958;5913670;5913670;NÃO EXPORTADO
27034;3C;;999958;48242705;4824270;NÃO EXPORTADO
27045;3C;;999958;5465284;5465284;NÃO EXPORTADO
27024;3C;;999959;7405630;7405630;NÃO EXPORTADO
27050;3C;;999959;9860132;9860132;NÃO EXPORTADO
27051;3C;;999959;94055009;9405500;NÃO EXPORTADO
27066;3C;;999958;50420615;5042061;NÃO EXPORTADO
27067;3C;;999958;4616452;4616452;NÃO EXPORTADO
27068;3C;;999958;4680995;4680995;NÃO EXPORTADO
27069;3C;;999958;52153134;5215313;NÃO EXPORTADO
27070;3C;;999958;52123634;5212363;NÃO EXPORTADO
27071;3C;;999958;6050947;6050947;NÃO EXPORTADO
27072;3C;;999958;5435220;5435220;NÃO EXPORTADO
27073;3C;;999958;49328334;4932833;NÃO EXPORTADO
27074;3C;;999958;45995231;4599523;NÃO EXPORTADO
27075;3C;;999958;621378;621378;NÃO EXPORTADO
27076;3C;;999958;2126583;2126583;NÃO EXPORTADO
27065;3C;;999958;2191628;2191628;NÃO EXPORTADO
27064;3C;;999958;6142114;6142114;NÃO EXPORTADO
27063;3C;;999958;58915346;5891534;NÃO EXPORTADO
27052;3C;;999959;7789766;7789766;NÃO EXPORTADO
27053;3C;;999959;8334886;8334886;NÃO EXPORTADO
27054;3C;;999959;7737162;7737162;NÃO EXPORTADO
27055;3C;;999959;85326194;8532619;NÃO EXPORTADO
27056;3C;;999959;84338181;8433818;NÃO EXPORTADO
27057;3C;;999959;9786179;9786179;NÃO EXPORTADO
27058;3C;;999959;5402801;5402801;NÃO EXPORTADO
27059;3C;;999959;17472431;1747243;NÃO EXPORTADO
27060;3C;;999958;2227541;2227541;NÃO EXPORTADO
27061;3C;;999958;2647742;2647742;NÃO EXPORTADO
27062;3C;;999958;57911703;5791170;NÃO EXPORTADO
27077;3C;;999958;2905390;2905390;NÃO EXPORTADO
26944;3C;;999959;9795661;9795661;NÃO EXPORTADO
26959;3C;;999959;7515401;7515401;NÃO EXPORTADO
26960;3C;;999959;7822724;7822724;NÃO EXPORTADO
26961;3C;;999959;62408178;6240817;NÃO EXPORTADO
26962;3C;;999959;7888681;7888681;NÃO EXPORTADO
26963;3C;;999959;6919330;6919330;NÃO EXPORTADO
26964;3C;;999959;8663450;8663450;NÃO EXPORTADO
26965;3C;;999959;7229288;7229288;NÃO EXPORTADO
26969;3C;;999959;7128571;7128571;NÃO EXPORTADO
26975;3C;;999959;7110521;7110521;NÃO EXPORTADO
26980;3C;;999959;7098456;7098456;NÃO EXPORTADO
26982;3C;;999959;73559997;7355999;NÃO EXPORTADO
26958;3C;;999959;9531366;9531366;NÃO EXPORTADO
26957;3C;;999959;7704770;7704770;NÃO EXPORTADO
26956;3C;;999959;6901503;6901503;NÃO EXPORTADO
26945;3C;;999959;9756942;9756942;NÃO EXPORTADO
26946;3C;;999959;82670986;8267098;NÃO EXPORTADO
26947;3C;;999959;85545201;8554520;NÃO EXPORTADO
26948;3C;;999959;9843699;9843699;NÃO EXPORTADO
26949;3C;;999959;82674515;8267451;NÃO EXPORTADO
26950;3C;;999959;84324295;8432429;NÃO EXPORTADO
26951;3C;;999959;84329157;8432915;NÃO EXPORTADO
26952;3C;;999959;9624444;9624444;NÃO EXPORTADO
26953;3C;;999959;76939863;7693986;NÃO EXPORTADO
26954;3C;;999959;7582722;7582722;NÃO EXPORTADO
26955;3C;;999959;9622386;9622386;NÃO EXPORTADO
26984;3C;;999959;76345301;7634530;NÃO EXPORTADO
26985;3C;;999959;67062881;6706288;NÃO EXPORTADO
27011;3C;;999959;9146324;9146324;NÃO EXPORTADO
27013;3C;;999959;89832086;8983208;NÃO EXPORTADO
27014;3C;;999959;66487455;6648745;NÃO EXPORTADO
27015;3C;;999959;7389629;7389629;NÃO EXPORTADO
27016;3C;;999959;7128684;7128684;NÃO EXPORTADO
27017;3C;;999959;7306371;7306371;NÃO EXPORTADO
27018;3C;;999959;7295755;7295755;NÃO EXPORTADO
27019;3C;;999959;7306374;7306374;NÃO EXPORTADO
27020;3C;;999959;7446462;7446462;NÃO EXPORTADO
27021;3C;;999959;7224553;7224553;NÃO EXPORTADO
27022;3C;;999959;7306380;7306380;NÃO EXPORTADO
27010;3C;;999959;83503943;8350394;NÃO EXPORTADO
27009;3C;;999959;83488332;8348833;NÃO EXPORTADO
27008;3C;;999959;8414834;8414834;NÃO EXPORTADO
26989;3C;;999959;67473806;6747380;NÃO EXPORTADO
26991;3C;;999959;70174440;7017444;NÃO EXPORTADO
26993;3C;;999959;67801927;6780192;NÃO EXPORTADO
26995;3C;;999959;9465358;9465358;NÃO EXPORTADO
26998;3C;;999959;72521341;7252134;NÃO EXPORTADO
27001;3C;;999958;59486414;5948641;NÃO EXPORTADO
27002;3C;;999958;4203028;4203028;NÃO EXPORTADO
27004;3C;;999959;8792154;8792154;NÃO EXPORTADO
27005;3C;;999959;7405632;7405632;NÃO EXPORTADO
27006;3C;;999959;9635090;9635090;NÃO EXPORTADO
27007;3C;;999959;9092949;9092949;NÃO EXPORTADO
27023;3C;;999959;7331296;7331296;NÃO EXPORTADO
27133;3C;;999959;69130981;6913098;NÃO EXPORTADO
27148;3C;;999958;5642914;5642914;NÃO EXPORTADO
27149;3C;;999958;5812624;5812624;NÃO EXPORTADO
27150;3C;;999958;5404336;5404336;NÃO EXPORTADO
27151;3C;;999958;3928716;3928716;NÃO EXPORTADO
27152;3C;;999959;7109214;7109214;NÃO EXPORTADO
27153;3C;;999959;7382242;7382242;NÃO EXPORTADO
27154;3C;;999959;7382238;7382238;NÃO EXPORTADO
27155;3C;;999959;7306372;7306372;NÃO EXPORTADO
27156;3C;;999959;7086540;7086540;NÃO EXPORTADO
27157;3C;;999959;63356988;6335698;NÃO EXPORTADO
27158;3C;;999959;85225622;8522562;NÃO EXPORTADO
27147;3C;;999958;6118717;6118717;NÃO EXPORTADO
27146;3C;;999958;2328799;2328799;NÃO EXPORTADO
27145;3C;;999958;6159909;6159909;NÃO EXPORTADO
27134;3C;;999959;8302541;8302541;NÃO EXPORTADO
27135;3C;;999959;90398114;9039811;NÃO EXPORTADO
27136;3C;;999959;82670994;8267099;NÃO EXPORTADO
27137;3C;;999959;69332053;6933205;NÃO EXPORTADO
27138;3C;;999959;84340851;8434085;NÃO EXPORTADO
27139;3C;;999959;7737907;7737907;NÃO EXPORTADO
27140;3C;;999959;67701175;6770117;NÃO EXPORTADO
27141;3C;;999959;94055831;9405583;NÃO EXPORTADO
27142;3C;;999959;63992183;6399218;NÃO EXPORTADO
27143;3C;;999958;19346239;1934623;NÃO EXPORTADO
27144;3C;;999958;3000078;3000078;NÃO EXPORTADO
27159;3C;;999959;9828236;9828236;NÃO EXPORTADO
27160;3C;;999959;9833319;9833319;NÃO EXPORTADO
27175;3C;;999958;2730487;2730487;NÃO EXPORTADO
27176;3C;;999958;50595181;5059518;NÃO EXPORTADO
27177;3C;;999958;56225288;5622528;NÃO EXPORTADO
27178;3C;;999958;57047626;5704762;NÃO EXPORTADO
27179;3C;;999958;51419378;5141937;NÃO EXPORTADO
27180;3C;;999958;2935184;2935184;NÃO EXPORTADO
27181;3C;;999958;6141605;6141605;NÃO EXPORTADO
27182;3C;;999958;2386544;2386544;NÃO EXPORTADO
27183;3C;;999958;51615461;5161546;NÃO EXPORTADO
27184;3C;;999959;7582935;7582935;NÃO EXPORTADO
27185;3C;;999959;69527440;6952744;NÃO EXPORTADO
27174;3C;;999958;2436579;2436579;NÃO EXPORTADO
27173;3C;;999958;2146537;2146537;NÃO EXPORTADO
27172;3C;;999958;2360595;2360595;NÃO EXPORTADO
27161;3C;;999959;63984598;6398459;NÃO EXPORTADO
27162;3C;;999959;71692045;7169204;NÃO EXPORTADO
27163;3C;;999959;8665114;8665114;NÃO EXPORTADO
27164;3C;;999959;7582187;7582187;NÃO EXPORTADO
27165;3C;;999959;81765436;8176543;NÃO EXPORTADO
27166;3C;;999959;90243374;9024337;NÃO EXPORTADO
27167;3C;;999959;84323931;8432393;NÃO EXPORTADO
27168;3C;;999959;82673667;8267366;NÃO EXPORTADO
27169;3C;;999959;62535595;6253559;NÃO EXPORTADO
27170;3C;;999959;7782797;7782797;NÃO EXPORTADO
27171;3C;;999958;5662532;5662532;NÃO EXPORTADO
27012;3C;;999959;75121239;7512123;NÃO EXPORTADO
27132;3C;;999959;7892880;7892880;NÃO EXPORTADO
27078;3C;;999958;57358257;5735825;NÃO EXPORTADO
27093;3C;;999959;6977839;6977839;NÃO EXPORTADO
27094;3C;;999959;7628315;7628315;NÃO EXPORTADO
27095;3C;;999959;7128366;7128366;NÃO EXPORTADO
27096;3C;;999959;6892259;6892259;NÃO EXPORTADO
27097;3C;;999959;7382705;7382705;NÃO EXPORTADO
27098;3C;;999959;73268780;7326878;NÃO EXPORTADO
27099;3C;;999959;84242493;8424249;NÃO EXPORTADO
27100;3C;;999959;9811513;9811513;NÃO EXPORTADO
27101;3C;;999959;7790005;7790005;NÃO EXPORTADO
27102;3C;;999959;81760469;8176046;NÃO EXPORTADO
27103;3C;;999959;84323680;8432368;NÃO EXPORTADO
27092;3C;;999959;7446473;7446473;NÃO EXPORTADO
27091;3C;;999959;7385721;7385721;NÃO EXPORTADO
27090;3C;;999959;7405732;7405732;NÃO EXPORTADO
27079;3C;;999958;3427048;3427048;NÃO EXPORTADO
27080;3C;;999958;1072301;1072301;NÃO EXPORTADO
27081;3C;;999958;54228409;5422840;NÃO EXPORTADO
27082;3C;;999958;4035115;4035115;NÃO EXPORTADO
27083;3C;;999958;3610833;3610833;NÃO EXPORTADO
27084;3C;;999958;3877890;3877890;NÃO EXPORTADO
27085;3C;;999958;3671208;3671208;NÃO EXPORTADO
27086;3C;;999958;5586672;5586672;NÃO EXPORTADO
27087;3C;;999958;4185473;4185473;NÃO EXPORTADO
27088;3C;;999958;3363313;3363313;NÃO EXPORTADO
27089;3C;;999958;5424041;5424041;NÃO EXPORTADO
27104;3C;;999959;67219381;6721938;NÃO EXPORTADO
27105;3C;;999959;71191267;7119126;NÃO EXPORTADO
27120;3C;;999958;52325989;5232598;NÃO EXPORTADO
27121;3C;;999958;27585972;2758597;NÃO EXPORTADO
27122;3C;;999958;51932067;5193206;NÃO EXPORTADO
27123;3C;;999958;16067827;1606782;NÃO EXPORTADO
27124;3C;;999958;51536439;5153643;NÃO EXPORTADO
27125;3C;;999958;51918897;5191889;NÃO EXPORTADO
27126;3C;;999958;5443562;5443562;NÃO EXPORTADO
27127;3C;;999958;19917996;1991799;NÃO EXPORTADO
27128;3C;;999958;60378557;6037855;NÃO EXPORTADO
27129;3C;;999958;5484940;5484940;NÃO EXPORTADO
27130;3C;;999958;2890637;2890637;NÃO EXPORTADO
27119;3C;;999959;9359427;9359427;NÃO EXPORTADO
27118;3C;;999959;72531916;7253191;NÃO EXPORTADO
27117;3C;;999959;82725179;8272517;NÃO EXPORTADO
27106;3C;;999959;71201602;7120160;NÃO EXPORTADO
27107;3C;;999959;67453805;6745380;NÃO EXPORTADO
27108;3C;;999959;65006136;6500613;NÃO EXPORTADO
27109;3C;;999959;7083137;7083137;NÃO EXPORTADO
27110;3C;;999959;67670891;6767089;NÃO EXPORTADO
27111;3C;;999959;7725103;7725103;NÃO EXPORTADO
27112;3C;;999959;84199709;8419970;NÃO EXPORTADO
27113;3C;;999959;94427810;9442781;NÃO EXPORTADO
27114;3C;;999959;7582861;7582861;NÃO EXPORTADO
27115;3C;;999959;8120137;8120137;NÃO EXPORTADO
27116;3C;;999959;9373565;9373565;NÃO EXPORTADO
27131;3C;;999958;52155820;5215582;NÃO EXPORTADO
26943;3C;;999959;85525545;8552554;NÃO EXPORTADO
25889;3C;;999959;9265708;9265708;NÃO EXPORTADO
26073;3C;;999958;9211551;9211551;NÃO EXPORTADO
26074;3C;;999958;74074016;7407401;NÃO EXPORTADO
26075;3C;;999958;74073630;7407363;NÃO EXPORTADO
26077;3C;;999958;74209558;7420955;NÃO EXPORTADO
26086;3C;;999958;67251285;6725128;NÃO EXPORTADO
26096;3C;;999958;67802052;6780205;NÃO EXPORTADO
26105;3C;;999958;6879466;6879466;NÃO EXPORTADO
26106;3C;;999959;82677093;8267709;NÃO EXPORTADO
26107;3C;;999959;8382673;8382673;NÃO EXPORTADO
26108;3C;;999959;81758588;8175858;NÃO EXPORTADO
26109;3C;;999959;9475844;9475844;NÃO EXPORTADO
26110;3C;;999959;9292133;9292133;NÃO EXPORTADO
26111;3C;;999959;9007854;9007854;NÃO EXPORTADO
26112;3C;;999959;9208245;9208245;NÃO EXPORTADO
26113;3C;;999959;9464136;9464136;NÃO EXPORTADO
26072;3C;;999958;52227952;5222795;NÃO EXPORTADO
26049;3C;;999958;3792212;3792212;NÃO EXPORTADO
26047;3C;;999958;3642075;3642075;NÃO EXPORTADO
25890;3C;;999959;9125912;9125912;NÃO EXPORTADO
25891;3C;;999958;1431624;1431624;NÃO EXPORTADO
25892;3C;;999958;4580627;4580627;NÃO EXPORTADO
25893;3C;;999958;5880005;5880005;NÃO EXPORTADO
25905;3C;;999958;9432984;9432984;NÃO EXPORTADO
25990;3C;;999958;5720274;5720274;NÃO EXPORTADO
26021;3C;;999958;53295897;5329589;NÃO EXPORTADO
26022;3C;;999958;64526909;6452690;NÃO EXPORTADO
26027;3C;;999958;5401819;5401819;NÃO EXPORTADO
26029;3C;;999958;4581321;4581321;NÃO EXPORTADO
26030;3C;;999958;51088649;5108864;NÃO EXPORTADO
26032;3C;;999958;52503445;5250344;NÃO EXPORTADO
26037;3C;;999958;3185781;3185781;NÃO EXPORTADO
26041;3C;;999958;3634927;3634927;NÃO EXPORTADO
26044;3C;;999958;1315880;1315880;NÃO EXPORTADO
26114;3C;;999959;9429351;9429351;NÃO EXPORTADO
26115;3C;;999959;63372738;6337273;NÃO EXPORTADO
26116;3C;;999959;9676304;9676304;NÃO EXPORTADO
26135;3C;;999958;4587406;4587406;NÃO EXPORTADO
26136;3C;;999958;4587413;4587413;NÃO EXPORTADO
26137;3C;;999958;4192110;4192110;NÃO EXPORTADO
26138;3C;;999958;4587417;4587417;NÃO EXPORTADO
26139;3C;;999958;51972727;5197272;NÃO EXPORTADO
26140;3C;;999958;1053468;1053468;NÃO EXPORTADO
26141;3C;;999958;4052965;4052965;NÃO EXPORTADO
26142;3C;;999958;5870149;5870149;NÃO EXPORTADO
26143;3C;;999958;4584250;4584250;NÃO EXPORTADO
26144;3C;;999958;6155991;6155991;NÃO EXPORTADO
26145;3C;;999958;4580750;4580750;NÃO EXPORTADO
26147;3C;;999958;5143267;5143267;NÃO EXPORTADO
26148;3C;;999958;60549947;6054994;NÃO EXPORTADO
26150;3C;;999958;57600511;5760051;NÃO EXPORTADO
26151;3C;;999958;60208325;6020832;NÃO EXPORTADO
26134;3C;;999959;9839650;9839650;NÃO EXPORTADO
26133;3C;;999959;9678828;9678828;NÃO EXPORTADO
26132;3C;;999959;7248472;7248472;NÃO EXPORTADO
26117;3C;;999959;9756592;9756592;NÃO EXPORTADO
26118;3C;;999959;84323540;8432354;NÃO EXPORTADO
26119;3C;;999959;8465149;8465149;NÃO EXPORTADO
26120;3C;;999959;65275287;6527528;NÃO EXPORTADO
26121;3C;;999958;1054315;1054315;NÃO EXPORTADO
26122;3C;;999958;5555645;5555645;NÃO EXPORTADO
26123;3C;;999958;1478569;1478569;NÃO EXPORTADO
26124;3C;;999958;562481;562481;NÃO EXPORTADO
26125;3C;;999958;3803552;3803552;NÃO EXPORTADO
26126;3C;;999958;69313971;6931397;NÃO EXPORTADO
26127;3C;;999958;57347166;5734716;NÃO EXPORTADO
26128;3C;;999958;17758238;1775823;NÃO EXPORTADO
26129;3C;;999958;60070137;6007013;NÃO EXPORTADO
26130;3C;;999958;2567989;2567989;NÃO EXPORTADO
26131;3C;;999959;72818701;7281870;NÃO EXPORTADO
26152;3C;;999958;2874518;2874518;NÃO EXPORTADO
25888;3C;;999959;9343917;9343917;NÃO EXPORTADO
25777;3C;;999959;7070130;7070130;NÃO EXPORTADO
25796;3C;;999959;84325861;8432586;NÃO EXPORTADO
25797;3C;;999959;8552739;8552739;NÃO EXPORTADO
25798;3C;;999959;81758910;8175891;NÃO EXPORTADO
25799;3C;;999959;81759541;8175954;NÃO EXPORTADO
25800;3C;;999959;84318147;8431814;NÃO EXPORTADO
25801;3C;;999959;7511898;7511898;NÃO EXPORTADO
25802;3C;;999959;84318571;8431857;NÃO EXPORTADO
25803;3C;;999959;84322331;8432233;NÃO EXPORTADO
25804;3C;;999959;84333251;8433325;NÃO EXPORTADO
25806;3C;;999959;84326166;8432616;NÃO EXPORTADO
25807;3C;;999958;47556196;4755619;NÃO EXPORTADO
25820;3C;;999958;3275959;3275959;NÃO EXPORTADO
25821;3C;;999958;51167191;5116719;NÃO EXPORTADO
25823;3C;;999958;48282014;4828201;NÃO EXPORTADO
25825;3C;;999958;33798869;3379886;NÃO EXPORTADO
25795;3C;;999959;84332964;8433296;NÃO EXPORTADO
25794;3C;;999959;74346563;7434656;NÃO EXPORTADO
25793;3C;;999959;67239650;6723965;NÃO EXPORTADO
25778;3C;;999959;9623453;9623453;NÃO EXPORTADO
25779;3C;;999959;90900201;9090020;NÃO EXPORTADO
25780;3C;;999959;81764456;8176445;NÃO EXPORTADO
25781;3C;;999959;84321750;8432175;NÃO EXPORTADO
25782;3C;;999959;84315971;8431597;NÃO EXPORTADO
25783;3C;;999959;84338733;8433873;NÃO EXPORTADO
25784;3C;;999959;9924565;9924565;NÃO EXPORTADO
25785;3C;;999959;84317752;8431775;NÃO EXPORTADO
25786;3C;;999959;9526268;9526268;NÃO EXPORTADO
25787;3C;;999959;68850255;6885025;NÃO EXPORTADO
25788;3C;;999959;77910451;7791045;NÃO EXPORTADO
25789;3C;;999959;9576877;9576877;NÃO EXPORTADO
25790;3C;;999959;81004702;8100470;NÃO EXPORTADO
25791;3C;;999959;84323914;8432391;NÃO EXPORTADO
25792;3C;;999959;8028748;8028748;NÃO EXPORTADO
25827;3C;;999958;2916047;2916047;NÃO EXPORTADO
25829;3C;;999958;50852001;5085200;NÃO EXPORTADO
25838;3C;;999959;67338811;6733881;NÃO EXPORTADO
25872;3C;;999959;82677034;8267703;NÃO EXPORTADO
25873;3C;;999959;9611805;9611805;NÃO EXPORTADO
25874;3C;;999959;82668370;8266837;NÃO EXPORTADO
25875;3C;;999959;8412438;8412438;NÃO EXPORTADO
25876;3C;;999959;9477579;9477579;NÃO EXPORTADO
25877;3C;;999959;84321121;8432112;NÃO EXPORTADO
25878;3C;;999959;84334762;8433476;NÃO EXPORTADO
25879;3C;;999959;8222163;8222163;NÃO EXPORTADO
25880;3C;;999959;6730114;6730114;NÃO EXPORTADO
25881;3C;;999959;67298915;6729891;NÃO EXPORTADO
25882;3C;;999959;90573692;9057369;NÃO EXPORTADO
25883;3C;;999959;9414655;9414655;NÃO EXPORTADO
25884;3C;;999959;85523682;8552368;NÃO EXPORTADO
25885;3C;;999959;10022634;1002263;NÃO EXPORTADO
25886;3C;;999959;7780003;7780003;NÃO EXPORTADO
25871;3C;;999959;74073656;7407365;NÃO EXPORTADO
25870;3C;;999959;9764381;9764381;NÃO EXPORTADO
25869;3C;;999959;84320893;8432089;NÃO EXPORTADO
25839;3C;;999959;84324287;8432428;NÃO EXPORTADO
25844;3C;;999959;85539902;8553990;NÃO EXPORTADO
25847;3C;;999959;9741218;9741218;NÃO EXPORTADO
25853;3C;;999959;8222162;8222162;NÃO EXPORTADO
25858;3C;;999959;6955218;6955218;NÃO EXPORTADO
25859;3C;;999958;5695087;5695087;NÃO EXPORTADO
25860;3C;;999958;60196726;6019672;NÃO EXPORTADO
25861;3C;;999958;61007412;6100741;NÃO EXPORTADO
25862;3C;;999958;5488222;5488222;NÃO EXPORTADO
25863;3C;;999958;2543712;2543712;NÃO EXPORTADO
25864;3C;;999958;44659814;4465981;NÃO EXPORTADO
25865;3C;;999958;17996660;1799666;NÃO EXPORTADO
25866;3C;;999959;8909090;8909090;NÃO EXPORTADO
25867;3C;;999959;7725797;7725797;NÃO EXPORTADO
25868;3C;;999959;9852702;9852702;NÃO EXPORTADO
25887;3C;;999959;6667334;6667334;NÃO EXPORTADO
26584;3C;;999959;8863559;8863559;NÃO EXPORTADO
26623;3C;;999959;7128569;7128569;NÃO EXPORTADO
26624;3C;;999959;7128682;7128682;NÃO EXPORTADO
26625;3C;;999959;7098448;7098448;NÃO EXPORTADO
26626;3C;;999959;7394376;7394376;NÃO EXPORTADO
26627;3C;;999959;7128570;7128570;NÃO EXPORTADO
26628;3C;;999959;9599284;9599284;NÃO EXPORTADO
26640;3C;;999959;9120862;9120862;NÃO EXPORTADO
26654;3C;;999959;91157129;9115712;NÃO EXPORTADO
26655;3C;;999959;85243817;8524381;NÃO EXPORTADO
26656;3C;;999959;82032785;8203278;NÃO EXPORTADO
26657;3C;;999959;73270504;7327050;NÃO EXPORTADO
26658;3C;;999959;85286907;8528690;NÃO EXPORTADO
26659;3C;;999959;9261283;9261283;NÃO EXPORTADO
26597;3C;;999958;18974244;1897424;NÃO EXPORTADO
26596;3C;;999958;2107258;2107258;NÃO EXPORTADO
26595;3C;;999958;16301650;1630165;NÃO EXPORTADO
26146;3C;;999958;5676027;5676027;NÃO EXPORTADO
26583;3C;;999959;9380137;9380137;NÃO EXPORTADO
26845;3C;;999959;215289;215289;NÃO EXPORTADO
26585;3C;;999958;6045916;6045916;NÃO EXPORTADO
26586;3C;;999958;5345257;5345257;NÃO EXPORTADO
26587;3C;;999958;4622055;4622055;NÃO EXPORTADO
26588;3C;;999958;785470;785470;NÃO EXPORTADO
26589;3C;;999959;74209396;7420939;NÃO EXPORTADO
26590;3C;;999959;91044367;9104436;NÃO EXPORTADO
26591;3C;;999959;94436436;9443643;NÃO EXPORTADO
26592;3C;;999959;84338474;8433847;NÃO EXPORTADO
26593;3C;;999959;84331054;8433105;NÃO EXPORTADO
26594;3C;;999958;52354351;5235435;NÃO EXPORTADO
26660;3C;;999959;7401850;7401850;NÃO EXPORTADO
26663;3C;;999959;64601778;6460177;NÃO EXPORTADO
26666;3C;;999959;65273266;6527326;NÃO EXPORTADO
26823;3C;;999959;84338237;8433823;NÃO EXPORTADO
26826;3C;;999959;84338296;8433829;NÃO EXPORTADO
26829;3C;;999959;7035475;7035475;NÃO EXPORTADO
26849;3C;;999959;84329131;8432913;NÃO EXPORTADO
26859;3C;;999959;62511246;6251124;NÃO EXPORTADO
26860;3C;;999959;7084598;7084598;NÃO EXPORTADO
26861;3C;;999958;5404935;5404935;NÃO EXPORTADO
26862;3C;;999958;2400503;2400503;NÃO EXPORTADO
26863;3C;;999958;2513361;2513361;NÃO EXPORTADO
26864;3C;;999958;2648183;2648183;NÃO EXPORTADO
26939;3C;;999959;9837834;9837834;NÃO EXPORTADO
26940;3C;;999959;7057610;7057610;NÃO EXPORTADO
26941;3C;;999959;81757441;8175744;NÃO EXPORTADO
26819;3C;;999959;84323159;8432315;NÃO EXPORTADO
26808;3C;;999959;84332204;8433220;NÃO EXPORTADO
26807;3C;;999959;8799713;8799713;NÃO EXPORTADO
26670;3C;;999959;7385729;7385729;NÃO EXPORTADO
26673;3C;;999959;7405725;7405725;NÃO EXPORTADO
26676;3C;;999959;972866;97286;NÃO EXPORTADO
26680;3C;;999959;9094589;9094589;NÃO EXPORTADO
26682;3C;;999959;62105507;6210550;NÃO EXPORTADO
26686;3C;;999959;7128567;7128567;NÃO EXPORTADO
26688;3C;;999959;62167669;6216766;NÃO EXPORTADO
26691;3C;;999959;7226812;7226812;NÃO EXPORTADO
26802;3C;;999958;4067793;4067793;NÃO EXPORTADO
26803;3C;;999958;52343294;5234329;NÃO EXPORTADO
26804;3C;;999958;2464482;2464482;NÃO EXPORTADO
26805;3C;;999958;64684792;6468479;NÃO EXPORTADO
26806;3C;;999959;90592557;9059255;NÃO EXPORTADO
26942;3C;;999959;84320451;8432045;NÃO EXPORTADO
26352;3C;;999958;4,00943E+12;4009432;NÃO EXPORTADO
26299;3C;;999958;5511734;5511734;NÃO EXPORTADO
26297;3C;;999958;19309627;1930962;NÃO EXPORTADO
26295;3C;;999958;6312837;6312837;NÃO EXPORTADO
26233;3C;;999959;83282718;8328271;NÃO EXPORTADO
26218;3C;;999959;17792665;1779266;NÃO EXPORTADO
26216;3C;;999959;17868319;1786831;NÃO EXPORTADO
26214;3C;;999959;57022682;5702268;NÃO EXPORTADO
26213;3C;;999959;57153809;5715380;NÃO EXPORTADO
26212;3C;;999959;2239622;2239622;NÃO EXPORTADO
26300;3C;;999958;48701653;4870165;NÃO EXPORTADO
26302;3C;;999958;5993562;5993562;NÃO EXPORTADO
26303;3C;;999958;4640706;4640706;NÃO EXPORTADO
26351;3C;;999958;6045918;6045918;NÃO EXPORTADO
26350;3C;;999958;18096662;1809666;NÃO EXPORTADO
26348;3C;;999958;5797121;5797121;NÃO EXPORTADO
26315;3C;;999958;3432132;3432132;NÃO EXPORTADO
26313;3C;;999958;4274693;4274693;NÃO EXPORTADO
26307;3C;;999958;5922799;5922799;NÃO EXPORTADO
26311;3C;;999958;3777358;3777358;NÃO EXPORTADO
26306;3C;;999958;5624233;5624233;NÃO EXPORTADO
26304;3C;;999958;17066212;1706621;NÃO EXPORTADO
26210;3C;;999959;2531289;2531289;NÃO EXPORTADO
26165;3C;;999959;3580178;3580178;NÃO EXPORTADO
26164;3C;;999959;4274875;4274875;NÃO EXPORTADO
26156;3C;;999959;9687920;9687920;NÃO EXPORTADO
26349;3C;;999958;4587772;4587772;NÃO EXPORTADO
26153;3C;;999958;74941;74941;NÃO EXPORTADO
26154;3C;;999959;9506597;9506597;NÃO EXPORTADO
26155;3C;;999959;66724309;6672430;NÃO EXPORTADO
26157;3C;;999959;9536024;9536024;NÃO EXPORTADO
26160;3C;;999959;82677662;8267766;NÃO EXPORTADO
26158;3C;;999959;84327391;8432739;NÃO EXPORTADO
26162;3C;;999959;5934520;5934520;NÃO EXPORTADO
26159;3C;;999959;81756135;8175613;NÃO EXPORTADO
26161;3C;;999959;84327880;8432788;NÃO EXPORTADO
34053;ELLCA PENHA;;999959;9584658;9584658;NÃO EXPORTADO
34047;ELLCA PENHA;;999959;8944508;8944508;NÃO EXPORTADO
34046;ELLCA PENHA;;999959;10498212;1049821;NÃO EXPORTADO
34077;ELLCA PENHA;;999959;8221551;8221551;NÃO EXPORTADO
34159;ELLCA PENHA;;999958;3821781;3821781;NÃO EXPORTADO
34079;ELLCA PENHA;;999959;8782540;8782540;NÃO EXPORTADO
34081;ELLCA PENHA;;999959;8948477;8948477;NÃO EXPORTADO
34048;ELLCA PENHA;;999959;8944505;8944505;NÃO EXPORTADO
34049;ELLCA PENHA;;999959;8014693;8014693;NÃO EXPORTADO
34052;ELLCA PENHA;;999959;8311141;8311141;NÃO EXPORTADO
34067;ELLCA PENHA;;999959;8239095;8239095;NÃO EXPORTADO
34054;ELLCA PENHA;;999959;8497729;8497729;NÃO EXPORTADO
34055;ELLCA PENHA;;999959;8948408;8948408;NÃO EXPORTADO
34093;ELLCA PENHA;;999959;79416403;7941640;NÃO EXPORTADO
34173;ELLCA PENHA;;999958;1301963;1301963;NÃO EXPORTADO
34082;ELLCA PENHA;;999959;7676736;7676736;NÃO EXPORTADO
34085;ELLCA PENHA;;999959;10711577;1071157;NÃO EXPORTADO
34138;ELLCA PENHA;;999959;64572766;6457276;NÃO EXPORTADO
34176;ELLCA PENHA;;999958;45589593;4558959;NÃO EXPORTADO
34177;ELLCA PENHA;;999958;18455956;1845595;NÃO EXPORTADO
34178;ELLCA PENHA;;999958;3137814;3137814;NÃO EXPORTADO
34179;ELLCA PENHA;;999958;46022295;4602229;NÃO EXPORTADO
34136;ELLCA PENHA;;999959;10163747;1016374;NÃO EXPORTADO
34135;ELLCA PENHA;;999959;9870188;9870188;NÃO EXPORTADO
34134;ELLCA PENHA;;999959;10039681;1003968;NÃO EXPORTADO
34126;ELLCA PENHA;;999959;9832911;9832911;NÃO EXPORTADO
34123;ELLCA PENHA;;999959;6538718;6538718;NÃO EXPORTADO
34117;ELLCA PENHA;;999959;10342741;1034274;NÃO EXPORTADO
34175;ELLCA PENHA;;999958;43130933;4313093;NÃO EXPORTADO
34174;ELLCA PENHA;;999958;3909012;3909012;NÃO EXPORTADO
34172;ELLCA PENHA;;999958;5552754;5552754;NÃO EXPORTADO
34160;ELLCA PENHA;;999958;4788765;4788765;NÃO EXPORTADO
34162;ELLCA PENHA;;999958;5926875;5926875;NÃO EXPORTADO
34163;ELLCA PENHA;;999958;2841998;2841998;NÃO EXPORTADO
34164;ELLCA PENHA;;999958;2115818;2115818;NÃO EXPORTADO
34165;ELLCA PENHA;;999958;2466085;2466085;NÃO EXPORTADO
34137;ELLCA PENHA;;999959;9127319;9127319;NÃO EXPORTADO
34167;ELLCA PENHA;;999958;142418;142418;NÃO EXPORTADO
34168;ELLCA PENHA;;999958;2026348;2026348;NÃO EXPORTADO
34170;ELLCA PENHA;;999958;3751179;3751179;NÃO EXPORTADO
34171;ELLCA PENHA;;999958;3042005;3042005;NÃO EXPORTADO
34116;ELLCA PENHA;;999959;9524012;9524012;NÃO EXPORTADO
34115;ELLCA PENHA;;999959;7240438;7240438;NÃO EXPORTADO
34064;ELLCA PENHA;;999959;8015981;8015981;NÃO EXPORTADO
34063;ELLCA PENHA;;999959;8761628;8761628;NÃO EXPORTADO
34061;ELLCA PENHA;;999959;9720880;9720880;NÃO EXPORTADO
34059;ELLCA PENHA;;999959;8359724;8359724;NÃO EXPORTADO
34056;ELLCA PENHA;;999959;9902373;9902373;NÃO EXPORTADO
34100;ELLCA PENHA;;999959;8865112;8865112;NÃO EXPORTADO
34099;ELLCA PENHA;;999959;9578345;9578345;NÃO EXPORTADO
34095;ELLCA PENHA;;999959;6700309;6700309;NÃO EXPORTADO
34094;ELLCA PENHA;;999959;7807438;7807438;NÃO EXPORTADO
34090;ELLCA PENHA;;999959;10313033;1031303;NÃO EXPORTADO
34066;ELLCA PENHA;;999959;9701726;9701726;NÃO EXPORTADO
34069;ELLCA PENHA;;999959;8830806;8830806;NÃO EXPORTADO
34070;ELLCA PENHA;;999959;7910177;7910177;NÃO EXPORTADO
34112;ELLCA PENHA;;999959;10365086;1036508;NÃO EXPORTADO
34110;ELLCA PENHA;;999959;10365450;1036545;NÃO EXPORTADO
34108;ELLCA PENHA;;999959;9229984;9229984;NÃO EXPORTADO
34107;ELLCA PENHA;;999959;6112219;6112219;NÃO EXPORTADO
34105;ELLCA PENHA;;999959;10036763;1003676;NÃO EXPORTADO
34102;ELLCA PENHA;;999959;9035239;9035239;NÃO EXPORTADO
34075;ELLCA PENHA;;999959;10499534;1049953;NÃO EXPORTADO
34074;ELLCA PENHA;;999959;8497008;8497008;NÃO EXPORTADO
34073;ELLCA PENHA;;999959;7912532;7912532;NÃO EXPORTADO
34071;ELLCA PENHA;;999959;9711559;9711559;NÃO EXPORTADO
34088;ELLCA PENHA;;999959;8006592;8006592;NÃO EXPORTADO
32662;FORNECEDOR TESTE;;397134;1234568789;1234568;NÃO EXPORTADO
26401;MRO BARRA DO PIRAI;;999958;16067568;1606756;NÃO EXPORTADO
26445;MRO BARRA DO PIRAI;;999958;3980981;3980981;NÃO EXPORTADO
26446;MRO BARRA DO PIRAI;;999959;71206434;7120643;NÃO EXPORTADO
26452;MRO BARRA DO PIRAI;;999959;9578990;9578990;NÃO EXPORTADO
26457;MRO BARRA DO PIRAI;;999959;6886004;6886004;NÃO EXPORTADO
26466;MRO BARRA DO PIRAI;;999959;7776242;7776242;NÃO EXPORTADO
26470;MRO BARRA DO PIRAI;;999959;7082683;7082683;NÃO EXPORTADO
26473;MRO BARRA DO PIRAI;;999959;84328746;8432874;NÃO EXPORTADO
26475;MRO BARRA DO PIRAI;;999959;84342919;8434291;NÃO EXPORTADO
26477;MRO BARRA DO PIRAI;;999959;81760060;8176006;NÃO EXPORTADO
26400;MRO BARRA DO PIRAI;;999958;115121;115121;NÃO EXPORTADO
26399;MRO BARRA DO PIRAI;;999958;2698391;2698391;NÃO EXPORTADO
26513;MRO BARRA DO PIRAI;;999959;81757743;8175774;NÃO EXPORTADO
26355;MRO BARRA DO PIRAI;;999958;3683141;3683141;NÃO EXPORTADO
26360;MRO BARRA DO PIRAI;;999958;3068064;3068064;NÃO EXPORTADO
26361;MRO BARRA DO PIRAI;;999958;4040999;4040999;NÃO EXPORTADO
26362;MRO BARRA DO PIRAI;;999958;3968587;3968587;NÃO EXPORTADO
26366;MRO BARRA DO PIRAI;;999959;67251234;6725123;NÃO EXPORTADO
26369;MRO BARRA DO PIRAI;;999959;74073664;7407366;NÃO EXPORTADO
26376;MRO BARRA DO PIRAI;;999959;82711909;8271190;NÃO EXPORTADO
26380;MRO BARRA DO PIRAI;;999959;66177227;6617722;NÃO EXPORTADO
26398;MRO BARRA DO PIRAI;;999958;2128824;2128824;NÃO EXPORTADO
26537;MRO BARRA DO PIRAI;;999958;3105750;3105750;NÃO EXPORTADO
26478;MRO BARRA DO PIRAI;;999959;51413540;5141354;NÃO EXPORTADO
26582;MRO BARRA DO PIRAI;;999958;63360691;6336069;NÃO EXPORTADO
26508;MRO BARRA DO PIRAI;;999959;5435406;5435406;NÃO EXPORTADO
26509;MRO BARRA DO PIRAI;;999959;49934864;4993486;NÃO EXPORTADO
26510;MRO BARRA DO PIRAI;;999959;2553273;2553273;NÃO EXPORTADO
26511;MRO BARRA DO PIRAI;;999959;8094725;8094725;NÃO EXPORTADO
26512;MRO BARRA DO PIRAI;;999959;82671893;8267189;NÃO EXPORTADO
26514;MRO BARRA DO PIRAI;;999958;4587492;4587492;NÃO EXPORTADO
26578;MRO BARRA DO PIRAI;;999958;331293;331293;NÃO EXPORTADO
26539;MRO BARRA DO PIRAI;;999958;5577401;5577401;NÃO EXPORTADO
26574;MRO BARRA DO PIRAI;;999958;4580117;4580117;NÃO EXPORTADO
26575;MRO BARRA DO PIRAI;;999958;756063;756063;NÃO EXPORTADO
26576;MRO BARRA DO PIRAI;;999958;6002971;6002971;NÃO EXPORTADO
26577;MRO BARRA DO PIRAI;;999958;4159860;4159860;NÃO EXPORTADO
26579;MRO BARRA DO PIRAI;;999958;444985;444985;NÃO EXPORTADO
26580;MRO BARRA DO PIRAI;;999959;9808070;9808070;NÃO EXPORTADO
26581;MRO BARRA DO PIRAI;;999958;9230396;9230396;NÃO EXPORTADO
26507;MRO BARRA DO PIRAI;;999959;133146;133146;NÃO EXPORTADO
26484;MRO BARRA DO PIRAI;;999959;2806385;2806385;NÃO EXPORTADO
26483;MRO BARRA DO PIRAI;;999959;2512705;2512705;NÃO EXPORTADO
26479;MRO BARRA DO PIRAI;;999959;56530684;5653068;NÃO EXPORTADO
26480;MRO BARRA DO PIRAI;;999959;2510946;2510946;NÃO EXPORTADO
34039;MRO LIGHT NOVA IGUAÇU;;999958;16032837;1603283;NÃO EXPORTADO
34040;MRO LIGHT NOVA IGUAÇU;;999958;2366936;2366936;NÃO EXPORTADO
34041;MRO LIGHT NOVA IGUAÇU;;999958;2367072;2367072;NÃO EXPORTADO
34042;MRO LIGHT NOVA IGUAÇU;;999958;2366283;2366283;NÃO EXPORTADO
34024;MRO LIGHT NOVA IGUAÇU;;999958;2366697;2366697;NÃO EXPORTADO
34043;MRO LIGHT NOVA IGUAÇU;;999958;2366791;2366791;NÃO EXPORTADO
34096;MRO LIGHT NOVA IGUAÇU;;999958;17836760;1783676;NÃO EXPORTADO
34132;MRO LIGHT NOVA IGUAÇU;;999958;45925283;4592528;NÃO EXPORTADO
34038;MRO LIGHT NOVA IGUAÇU;;999958;2666969;2666969;NÃO EXPORTADO
34037;MRO LIGHT NOVA IGUAÇU;;999958;2227080;2227080;NÃO EXPORTADO
34036;MRO LIGHT NOVA IGUAÇU;;999958;2226269;2226269;NÃO EXPORTADO
34025;MRO LIGHT NOVA IGUAÇU;;999958;2853298;2853298;NÃO EXPORTADO
34026;MRO LIGHT NOVA IGUAÇU;;999958;2497891;2497891;NÃO EXPORTADO
34027;MRO LIGHT NOVA IGUAÇU;;999958;2242701;2242701;NÃO EXPORTADO
34028;MRO LIGHT NOVA IGUAÇU;;999958;2561934;2561934;NÃO EXPORTADO
34029;MRO LIGHT NOVA IGUAÇU;;999958;2862003;2862003;NÃO EXPORTADO
34030;MRO LIGHT NOVA IGUAÇU;;999958;2227079;2227079;NÃO EXPORTADO
34031;MRO LIGHT NOVA IGUAÇU;;999958;2226942;2226942;NÃO EXPORTADO
34032;MRO LIGHT NOVA IGUAÇU;;999958;2366607;2366607;NÃO EXPORTADO
34033;MRO LIGHT NOVA IGUAÇU;;999958;2393145;2393145;NÃO EXPORTADO
34034;MRO LIGHT NOVA IGUAÇU;;999958;2226900;2226900;NÃO EXPORTADO
34035;MRO LIGHT NOVA IGUAÇU;;999958;2857108;2857108;NÃO EXPORTADO
34131;MRO LIGHT NOVA IGUAÇU;;999958;2873271;2873271;NÃO EXPORTADO
34130;MRO LIGHT NOVA IGUAÇU;;999958;2286246;2286246;NÃO EXPORTADO
34106;MRO LIGHT NOVA IGUAÇU;;999958;16029054;1602905;NÃO EXPORTADO
34121;MRO LIGHT NOVA IGUAÇU;;999958;45947376;4594737;NÃO EXPORTADO
34120;MRO LIGHT NOVA IGUAÇU;;999958;17867851;1786785;NÃO EXPORTADO
34109;MRO LIGHT NOVA IGUAÇU;;999958;2572916;2572916;NÃO EXPORTADO
34119;MRO LIGHT NOVA IGUAÇU;;999958;29701015;2970101;NÃO EXPORTADO
34111;MRO LIGHT NOVA IGUAÇU;;999958;2645989;2645989;NÃO EXPORTADO
34161;MRO LIGHT NOVA IGUAÇU;;999958;2367460;2367460;NÃO EXPORTADO
34113;MRO LIGHT NOVA IGUAÇU;;999958;44554664;4455466;NÃO EXPORTADO
34114;MRO LIGHT NOVA IGUAÇU;;999958;2726053;2726053;NÃO EXPORTADO
34118;MRO LIGHT NOVA IGUAÇU;;999958;2697145;2697145;NÃO EXPORTADO
34122;MRO LIGHT NOVA IGUAÇU;;999958;17451361;1745136;NÃO EXPORTADO
34104;MRO LIGHT NOVA IGUAÇU;;999958;19372213;1937221;NÃO EXPORTADO
34169;MRO LIGHT NOVA IGUAÇU;;999958;911405;911405;NÃO EXPORTADO
34129;MRO LIGHT NOVA IGUAÇU;;999958;2697412;2697412;NÃO EXPORTADO
34128;MRO LIGHT NOVA IGUAÇU;;999958;16090497;1609049;NÃO EXPORTADO
34127;MRO LIGHT NOVA IGUAÇU;;999958;2696542;2696542;NÃO EXPORTADO
34097;MRO LIGHT NOVA IGUAÇU;;999958;16035194;1603519;NÃO EXPORTADO
34098;MRO LIGHT NOVA IGUAÇU;;999958;29946816;2994681;NÃO EXPORTADO
34124;MRO LIGHT NOVA IGUAÇU;;999958;16038649;1603864;NÃO EXPORTADO
34101;MRO LIGHT NOVA IGUAÇU;;999958;2648859;2648859;NÃO EXPORTADO
34166;MRO LIGHT NOVA IGUAÇU;;999958;2124624;2124624;NÃO EXPORTADO
34103;MRO LIGHT NOVA IGUAÇU;;999958;2730163;2730163;NÃO EXPORTADO
34125;MRO LIGHT NOVA IGUAÇU;;999958;29936942;2993694;NÃO EXPORTADO
34133;MRO LIGHT NOVA IGUAÇU;;999958;19412631;1941263;NÃO EXPORTADO
30077;PRAF;;999959;8902763;8902763;NÃO EXPORTADO
30083;PRAF;;999959;8053929;8053929;NÃO EXPORTADO
30069;PRAF;;999958;3441015;3441015;NÃO EXPORTADO
30070;PRAF;;999958;5033650;5033650;NÃO EXPORTADO
30071;PRAF;;999958;5033657;5033657;NÃO EXPORTADO
30082;PRAF;;999959;9338675;9338675;NÃO EXPORTADO
30073;PRAF;;999959;8041655;8041655;NÃO EXPORTADO
30078;PRAF;;999959;9708752;9708752;NÃO EXPORTADO
30080;PRAF;;999959;8627641;8627641;NÃO EXPORTADO
30079;PRAF;;999959;9583792;9583792;NÃO EXPORTADO
30086;PRAF;;999959;6882725;6882725;NÃO EXPORTADO
30087;PRAF;;999959;9387321;9387321;NÃO EXPORTADO
30085;PRAF;;999959;8594545;8594545;NÃO EXPORTADO
33834;PSE CAMPO GRANDE;;999958;2226754;2226754;NÃO EXPORTADO
33802;PSE CAMPO GRANDE;;999958;2239626;2239626;NÃO EXPORTADO
33829;PSE CAMPO GRANDE;;999958;2249151;2249151;NÃO EXPORTADO
33839;PSE CAMPO GRANDE;;999958;2270760;2270760;NÃO EXPORTADO
33830;PSE CAMPO GRANDE;;999958;53087;53087;NÃO EXPORTADO
33831;PSE CAMPO GRANDE;;999958;2034606;2034606;NÃO EXPORTADO
33833;PSE CAMPO GRANDE;;999958;2290352;2290352;NÃO EXPORTADO
33837;PSE CAMPO GRANDE;;999958;2657774;2657774;NÃO EXPORTADO
33836;PSE CAMPO GRANDE;;999958;2645153;2645153;NÃO EXPORTADO
33840;PSE CAMPO GRANDE;;999958;17808936;1780893;NÃO EXPORTADO
33873;PSE CAMPO GRANDE;;999958;59606398;5960639;NÃO EXPORTADO
33871;PSE CAMPO GRANDE;;999958;2232502;2232502;NÃO EXPORTADO
33870;PSE CAMPO GRANDE;;999958;51406268;5140626;NÃO EXPORTADO
33868;PSE CAMPO GRANDE;;999958;2041536;2041536;NÃO EXPORTADO
33866;PSE CAMPO GRANDE;;999958;50234757;5023475;NÃO EXPORTADO
33864;PSE CAMPO GRANDE;;999958;2227610;2227610;NÃO EXPORTADO
33860;PSE CAMPO GRANDE;;999958;2830391;2830391;NÃO EXPORTADO
33855;PSE CAMPO GRANDE;;999958;2229039;2229039;NÃO EXPORTADO
33852;PSE CAMPO GRANDE;;999958;50939033;5093903;NÃO EXPORTADO
33851;PSE CAMPO GRANDE;;999958;56015640;5601564;NÃO EXPORTADO
33850;PSE CAMPO GRANDE;;999958;55666795;5566679;NÃO EXPORTADO
33843;PSE CAMPO GRANDE;;999958;52305694;5230569;NÃO EXPORTADO
33842;PSE CAMPO GRANDE;;999958;2057322;2057322;NÃO EXPORTADO
33887;PSE CAMPO GRANDE;;999958;44583559;4458355;NÃO EXPORTADO
33801;PSE CAMPO GRANDE;;999958;55250645;5525064;NÃO EXPORTADO
33800;PSE CAMPO GRANDE;;999958;2228790;2228790;NÃO EXPORTADO
33799;PSE CAMPO GRANDE;;999958;2837980;2837980;NÃO EXPORTADO
33767;PSE CAMPO GRANDE;;999958;57089051;5708905;NÃO EXPORTADO
33729;PSE CAMPO GRANDE;;999958;48255645;4825564;NÃO EXPORTADO
33728;PSE CAMPO GRANDE;;999958;2218688;2218688;NÃO EXPORTADO
33727;PSE CAMPO GRANDE;;999958;2217707;2217707;NÃO EXPORTADO
33726;PSE CAMPO GRANDE;;999958;56543956;5654395;NÃO EXPORTADO
33725;PSE CAMPO GRANDE;;999958;56988371;5698837;NÃO EXPORTADO
33724;PSE CAMPO GRANDE;;999958;53070461;5307046;NÃO EXPORTADO
33794;PSE CAMPO GRANDE;;999958;55251021;5525102;NÃO EXPORTADO
33723;PSE CAMPO GRANDE;;999958;57845590;5784559;NÃO EXPORTADO
33722;PSE CAMPO GRANDE;;999958;2836333;2836333;NÃO EXPORTADO
33721;PSE CAMPO GRANDE;;999958;55632912;5563291;NÃO EXPORTADO
33720;PSE CAMPO GRANDE;;999958;53074475;5307447;NÃO EXPORTADO
33719;PSE CAMPO GRANDE;;999958;49800451;4980045;NÃO EXPORTADO
33718;PSE CAMPO GRANDE;;999958;56048891;5604889;NÃO EXPORTADO
33717;PSE CAMPO GRANDE;;999958;55157947;5515794;NÃO EXPORTADO
33716;PSE CAMPO GRANDE;;999958;43997074;4399707;NÃO EXPORTADO
33715;PSE CAMPO GRANDE;;999958;55166512;5516651;NÃO EXPORTADO
33768;PSE CAMPO GRANDE;;999958;17694345;1769434;NÃO EXPORTADO
33771;PSE CAMPO GRANDE;;999958;2240767;2240767;NÃO EXPORTADO
33798;PSE CAMPO GRANDE;;999958;2233664;2233664;NÃO EXPORTADO
33796;PSE CAMPO GRANDE;;999958;19977441;1997744;NÃO EXPORTADO
33793;PSE CAMPO GRANDE;;999958;56538847;5653884;NÃO EXPORTADO
33792;PSE CAMPO GRANDE;;999958;2229309;2229309;NÃO EXPORTADO
33791;PSE CAMPO GRANDE;;999958;50567705;5056770;NÃO EXPORTADO
33790;PSE CAMPO GRANDE;;999958;56811551;5681155;NÃO EXPORTADO
33789;PSE CAMPO GRANDE;;999958;53576861;5357686;NÃO EXPORTADO
33788;PSE CAMPO GRANDE;;999958;50087894;5008789;NÃO EXPORTADO
33787;PSE CAMPO GRANDE;;999958;2239249;2239249;NÃO EXPORTADO
33786;PSE CAMPO GRANDE;;999958;2545824;2545824;NÃO EXPORTADO
33780;PSE CAMPO GRANDE;;999958;4825009;4825009;NÃO EXPORTADO
33778;PSE CAMPO GRANDE;;999958;55650775;5565077;NÃO EXPORTADO
33777;PSE CAMPO GRANDE;;999958;52293033;5229303;NÃO EXPORTADO
33776;PSE CAMPO GRANDE;;999958;52115453;5211545;NÃO EXPORTADO
33775;PSE CAMPO GRANDE;;999958;2816010;2816010;NÃO EXPORTADO
33774;PSE CAMPO GRANDE;;999958;2230701;2230701;NÃO EXPORTADO
33713;PSE CAMPO GRANDE;;999958;56547331;5654733;NÃO EXPORTADO
33714;PSE CAMPO GRANDE;;999958;53055942;5305594;NÃO EXPORTADO
33712;PSE CAMPO GRANDE;;999958;49831631;4983163;NÃO EXPORTADO
33946;PSE CAMPO GRANDE;;999958;2226318;2226318;NÃO EXPORTADO
33952;PSE CAMPO GRANDE;;999958;2383984;2383984;NÃO EXPORTADO
33951;PSE CAMPO GRANDE;;999958;2039837;2039837;NÃO EXPORTADO
33950;PSE CAMPO GRANDE;;999958;2366881;2366881;NÃO EXPORTADO
33914;PSE CAMPO GRANDE;;999958;2226771;2226771;NÃO EXPORTADO
33912;PSE CAMPO GRANDE;;999958;2366315;2366315;NÃO EXPORTADO
33910;PSE CAMPO GRANDE;;999958;22266602;2226660;NÃO EXPORTADO
33909;PSE CAMPO GRANDE;;999958;2226441;2226441;NÃO EXPORTADO
33908;PSE CAMPO GRANDE;;999958;2407943;2407943;NÃO EXPORTADO
33907;PSE CAMPO GRANDE;;999958;2151597;2151597;NÃO EXPORTADO
33906;PSE CAMPO GRANDE;;999958;2366578;2366578;NÃO EXPORTADO
33905;PSE CAMPO GRANDE;;999958;22227434;2222743;NÃO EXPORTADO
33901;PSE CAMPO GRANDE;;999958;2226886;2226886;NÃO EXPORTADO
33900;PSE CAMPO GRANDE;;999958;2227006;2227006;NÃO EXPORTADO
33899;PSE CAMPO GRANDE;;999958;2225485;2225485;NÃO EXPORTADO
33953;PSE CAMPO GRANDE;;999958;2409401;2409401;NÃO EXPORTADO
33954;PSE CAMPO GRANDE;;999958;2366726;2366726;NÃO EXPORTADO
33945;PSE CAMPO GRANDE;;999958;2017407;2017407;NÃO EXPORTADO
33947;PSE CAMPO GRANDE;;999958;2499383;2499383;NÃO EXPORTADO
33943;PSE CAMPO GRANDE;;999958;2366238;2366238;NÃO EXPORTADO
33942;PSE CAMPO GRANDE;;999958;54765;54765;NÃO EXPORTADO
33948;PSE CAMPO GRANDE;;999958;2367070;2367070;NÃO EXPORTADO
33949;PSE CAMPO GRANDE;;999958;2374608;2374608;NÃO EXPORTADO
33961;PSE CAMPO GRANDE;;999958;2379626;2379626;NÃO EXPORTADO
33916;PSE CAMPO GRANDE;;999958;2224047;2224047;NÃO EXPORTADO
33960;PSE CAMPO GRANDE;;999958;2365878;2365878;NÃO EXPORTADO
33959;PSE CAMPO GRANDE;;999958;2441937;2441937;NÃO EXPORTADO
33958;PSE CAMPO GRANDE;;999958;2226917;2226917;NÃO EXPORTADO
33957;PSE CAMPO GRANDE;;999958;2366462;2366462;NÃO EXPORTADO
33956;PSE CAMPO GRANDE;;999958;2010113;2010113;NÃO EXPORTADO
33955;PSE CAMPO GRANDE;;999958;2253534;2253534;NÃO EXPORTADO
33711;PSE CAMPO GRANDE;;999958;51581850;5158185;NÃO EXPORTADO
33710;PSE CAMPO GRANDE;;999958;57877661;5787766;NÃO EXPORTADO
33709;PSE CAMPO GRANDE;;999958;49021630;4902163;NÃO EXPORTADO
33896;PSE CAMPO GRANDE;;999958;2038996;2038996;NÃO EXPORTADO
33944;PSE CAMPO GRANDE;;999958;2226025;2226025;NÃO EXPORTADO
33895;PSE CAMPO GRANDE;;999958;2366752;2366752;NÃO EXPORTADO
33894;PSE CAMPO GRANDE;;999958;2366548;2366548;NÃO EXPORTADO
33893;PSE CAMPO GRANDE;;999958;58472;58472;NÃO EXPORTADO
33782;PSE CAMPO GRANDE;;999958;55331157;5533115;NÃO EXPORTADO
33892;PSE CAMPO GRANDE;;999958;59722;59722;NÃO EXPORTADO
33891;PSE CAMPO GRANDE;;999958;2038591;2038591;NÃO EXPORTADO
33897;PSE CAMPO GRANDE;;999958;2051971;2051971;NÃO EXPORTADO
33898;PSE CAMPO GRANDE;;999958;2202311;2202311;NÃO EXPORTADO
33706;PSE CAMPO GRANDE;;999958;55194401;5519440;NÃO EXPORTADO
33707;PSE CAMPO GRANDE;;999958;52129136;5212913;NÃO EXPORTADO
33705;PSE CAMPO GRANDE;;999958;51886031;5188603;NÃO EXPORTADO
33708;PSE CAMPO GRANDE;;999958;46966960;4696696;NÃO EXPORTADO
34198;PSE02;;999958;53090594;5309059;NÃO EXPORTADO
34188;PSE02;;999958;2707947;2707947;NÃO EXPORTADO
34187;PSE02;;999958;2221611;2221611;NÃO EXPORTADO
34199;PSE02;;999958;56703309;5670330;NÃO EXPORTADO
34185;PSE02;;999958;56709714;5670971;NÃO EXPORTADO
34200;PSE02;;999958;2524275;2524275;NÃO EXPORTADO
34201;PSE02;;999958;19977867;1997786;NÃO EXPORTADO
34186;PSE02;;999958;56015585;5601558;NÃO EXPORTADO
34202;PSE02;;999958;2950612;2950612;NÃO EXPORTADO
34203;PSE02;;999958;43953115;4395311;NÃO EXPORTADO
34197;PSE02;;999958;2227608;2227608;NÃO EXPORTADO
34189;PSE02;;999958;51481740;5148174;NÃO EXPORTADO
34190;PSE02;;999958;56032331;5603233;NÃO EXPORTADO
34191;PSE02;;999958;2228113;2228113;NÃO EXPORTADO
34183;PSE02;;999958;2239414;2239414;NÃO EXPORTADO
34182;PSE02;;999958;60206977;6020697;NÃO EXPORTADO
34181;PSE02;;999958;2232172;2232172;NÃO EXPORTADO
34180;PSE02;;999958;50422090;5042209;NÃO EXPORTADO
34155;PSE02;;999958;53011813;5301181;NÃO EXPORTADO
34184;PSE02;;999958;2228789;2228789;NÃO EXPORTADO
34193;PSE02;;999958;2239362;2239362;NÃO EXPORTADO
34194;PSE02;;999958;16304527;1630452;NÃO EXPORTADO
34195;PSE02;;999958;44014333;4401433;NÃO EXPORTADO
34196;PSE02;;999958;60398701;6039870;NÃO EXPORTADO
34192;PSE02;;999958;50398610;5039861;NÃO EXPORTADO
34147;PSE02;;999958;2229895;2229895;NÃO EXPORTADO
34062;PSE02;;999958;2230389;2230389;NÃO EXPORTADO
34060;PSE02;;999958;2227957;2227957;NÃO EXPORTADO
34058;PSE02;;999958;2227258;2227258;NÃO EXPORTADO
34057;PSE02;;999958;2837382;2837382;NÃO EXPORTADO
34051;PSE02;;999958;53008235;5300823;NÃO EXPORTADO
34050;PSE02;;999958;57025100;5702510;NÃO EXPORTADO
34045;PSE02;;999958;56285001;5628500;NÃO EXPORTADO
34044;PSE02;;999958;53026209;5302620;NÃO EXPORTADO
34065;PSE02;;999958;2707936;2707936;NÃO EXPORTADO
34068;PSE02;;999958;2234308;2234308;NÃO EXPORTADO
34089;PSE02;;999958;48940682;4894068;NÃO EXPORTADO
34087;PSE02;;999958;52899110;5289911;NÃO EXPORTADO
34086;PSE02;;999958;2711533;2711533;NÃO EXPORTADO
34083;PSE02;;999958;57917493;5791749;NÃO EXPORTADO
34080;PSE02;;999958;2262575;2262575;NÃO EXPORTADO
34078;PSE02;;999958;16300459;1630045;NÃO EXPORTADO
34076;PSE02;;999958;2366313;2366313;NÃO EXPORTADO
34072;PSE02;;999958;57925674;5792567;NÃO EXPORTADO
34084;PSE02;;999958;55145531;5514553;NÃO EXPORTADO
34139;PSE02;;999958;56489927;5648992;NÃO EXPORTADO
34150;PSE02;;999958;50835998;5083599;NÃO EXPORTADO
34151;PSE02;;999958;2240059;2240059;NÃO EXPORTADO
34152;PSE02;;999958;2263776;2263776;NÃO EXPORTADO
34153;PSE02;;999958;17422841;1742284;NÃO EXPORTADO
34154;PSE02;;999958;2217009;2217009;NÃO EXPORTADO
34156;PSE02;;999958;56547323;5654732;NÃO EXPORTADO
34157;PSE02;;999958;53011147;5301114;NÃO EXPORTADO
34158;PSE02;;999958;55158374;5515837;NÃO EXPORTADO
34149;PSE02;;999958;50274147;5027414;NÃO EXPORTADO
34148;PSE02;;999958;57842931;5784293;NÃO EXPORTADO
34140;PSE02;;999958;2708007;2708007;NÃO EXPORTADO
34141;PSE02;;999958;56030932;5603093;NÃO EXPORTADO
34142;PSE02;;999958;52298752;5229875;NÃO EXPORTADO
34143;PSE02;;999958;50082574;5008257;NÃO EXPORTADO
34144;PSE02;;999958;52418162;5241816;NÃO EXPORTADO
34145;PSE02;;999958;57098247;5709824;NÃO EXPORTADO
34146;PSE02;;999958;2880152;2880152;NÃO EXPORTADO
34091;PSE02;;999958;56705786;5670578;NÃO EXPORTADO
34092;PSE02;;999958;55190693;5519069;NÃO EXPORTADO
